"departamento","departamentoId"
"Antioquia",5
"Meta",50
"Chocó",27
"Huila",41
"Bolívar",13
"Cundinamarca",25
"Cesar",20
"Santander",68
"Caldas",17
"Casanare",85
"Caquetá",18
"La Guajira",44
"Nariño",52
"Valle del Cauca",76
"Magdalena",47
"Cauca",19
"Boyacá",15
"Tolima",73
"Risaralda",66
"Arauca",81
"Norte de Santander",54
"Quindío",63
"Córdoba",23
"Atlántico",8
"Sucre",70
"Guaviare",95
"Vaupés",97
"Putumayo",86
"Vichada",99
"Guainía",94
"Amazonas",91
"San Andrés",88
