municipioId,municipio,departamentoId,departamento,latitud,longitud
5002,Abejorral,5,Antioquia,5.75,-75.4166667
5004,Abriaquí,5,Antioquia,6.6666667,-76.0833333
50006,Acacías,50,Meta,3.9166667,-73.8333333
27006,Acandí,27,Chocó,8.3333333,-77.1666667
41006,Acevedo,41,Huila,1.75,-75.9166667
13006,Achí,13,Bolívar,8.25,-74.5
41013,Agrado,41,Huila,2.3333333,-75.75
25001,Agua de Dios,25,Cundinamarca,4.4166667,-74.6666667
20011,Aguachica,20,Cesar,8.3333333,-73.5833333
68013,Aguada,68,Santander,6.25,-73.4666667
17013,Aguadas,17,Caldas,5.6333333,-75.4166667
85010,Aguazul,85,Casanare,5.1730556,-72.5547222
20013,Agustín Codazzi,20,Cesar,9.9166667,-73.25
41016,Aipe,41,Huila,3.25,-75.3333333
18029,Albania,18,Caquetá,1.3316667,-75.8822222
44035,Albania,44,La Guajira,11.1597222,-72.5855556
68020,Albania,68,Santander,5.8333333,-73.75
25019,Albán,25,Cundinamarca,4.9166667,-74.45
52019,Albán (San José),52,Nariño,1.4744444,-77.0836111
76020,Alcalá,76,Valle del Cauca,4.6666667,-75.75
52022,Aldana,52,Nariño,0.9166667,-77.6833333
5021,Alejandria,5,Antioquia,6.3666667,-75.0833333
47030,Algarrobo,47,Magdalena,10.1869444,-74.5752778
41020,Algeciras,41,Huila,2.5833333,-75.25
19022,Almaguer,19,Cauca,1.9166667,-76.8333333
15022,Almeida,15,Boyacá,4.9166667,-73.3333333
73024,Alpujarra,73,Tolima,3.4166667,-74.9166667
41026,Altamira,41,Huila,2.1666667,-75.8333333
27025,Alto Baudó (Pie de Pato),27,Chocó,5.6666667,-77
13030,Altos del Rosario,13,Bolívar,8.7944444,-74.1658333
73026,Alvarado,73,Tolima,4.5833333,-75
5030,Amagá,5,Antioquia,6.05,-75.7
5031,Amalfi,5,Antioquia,7,-74.9166667
73030,Ambalema,73,Tolima,4.8333333,-74.8333333
25035,Anapoima,25,Cundinamarca,4.6166667,-74.55
52036,Ancuya,52,Nariño,1.25,-77.5
76036,Andalucía,76,Valle del Cauca,4.1741667,-76.1702778
5034,Andes,5,Antioquia,5.5833333,-75.9166667
5036,Angelópolis,5,Antioquia,6.1333333,-75.7
5038,Angostura,5,Antioquia,6.8666667,-75.3333333
25040,Anolaima,25,Cundinamarca,4.8333333,-74.5
5040,Anorí,5,Antioquia,7.1666667,-75.0833333
17042,Anserma,17,Caldas,5.25,-75.75
76041,Ansermanuevo,76,Valle del Cauca,4.7972222,-75.995
73043,Anzoátegui,73,Tolima,4.6666667,-75.25
5044,Anzá,5,Antioquia,6.3333333,-75.9166667
5045,Apartadó,5,Antioquia,7.8855556,-76.6347222
25599,Apulo,25,Cundinamarca,4.5833333,-74.5833333
66045,Apía,66,Risaralda,5.1666667,-76
15047,Aquitania,15,Boyacá,5.5197222,-72.8875
47053,Aracataca,47,Magdalena,10.5833333,-74
17050,Aranzazu,17,Caldas,5.3,-75.45
68051,Aratoca,68,Santander,6.8333333,-72.9666667
81001,Arauca,81,Arauca,7.0902778,-70.7616667
81065,Arauquita,81,Arauca,6.8219444,-71.3236111
25053,Arbeláez,25,Cundinamarca,4.3,-74.5833333
52051,Arboleda (Berruecos),52,Nariño,1.5033333,-77.0877778
54051,Arboledas,54,Norte de Santander,7.6666667,-72.75
5051,Arboletes,5,Antioquia,8.5,-76.4166667
15051,Arcabuco,15,Boyacá,5.8,-73.3833333
13042,Arenal,13,Bolívar,8.4666667,-73.95
5055,Argelia,5,Antioquia,5.7341667,-75.1463889
19050,Argelia,19,Cauca,2.2666667,-77.25
76054,Argelia,76,Valle del Cauca,4.7,-76.1333333
47058,Ariguaní (El Difícil),47,Magdalena,10.25,-74
13052,Arjona,13,Bolívar,10.1666667,-75.3333333
5059,Armenia,5,Antioquia,6.1666667,-75.8333333
63001,Armenia,63,Quindío,4.5338889,-75.6811111
73055,Armero (Guayabal),73,Tolima,5.0833333,-74.8333333
13062,Arroyohondo,13,Bolívar,10.2497222,-75.0113889
20032,Astrea,20,Cesar,9.5011111,-73.9802778
73067,Ataco,73,Tolima,3.3333333,-75.6666667
27050,Atrato (Yuto),27,Chocó,5.5333333,-76.6333333
23068,Ayapel,23,Córdoba,8.25,-75.25
27073,Bagadó,27,Chocó,5.5,-76.25
27075,Bahía Solano (Mútis),27,Chocó,6.2191667,-77.4077778
27077,Bajo Baudó (Pizarro),27,Chocó,NA,-77.0833333
19075,Balboa,19,Cauca,2.1,-77.2
66075,Balboa,66,Risaralda,4.9166667,-75.95
8078,Baranoa,8,Atlántico,10.8,-74.9166667
41078,Baraya,41,Huila,3.1666667,-75
52079,Barbacoas,52,Nariño,1.5833333,-78
5079,Barbosa,5,Antioquia,6.45,-75.3333333
68077,Barbosa,68,Santander,6,-73.55
68079,Barichara,68,Santander,6.75,-73.1666667
50110,Barranca de Upía,50,Meta,4.5755556,-72.9611111
68081,Barrancabermeja,68,Santander,7.0652778,-73.8547222
44078,Barrancas,44,La Guajira,11,-72.75
13074,Barranco de Loba,13,Bolívar,8.8333333,-74.1666667
8001,Barranquilla,8,Atlántico,10.9638889,-74.7963889
20045,Becerríl,20,Cesar,9.705,-73.2847222
17088,Belalcázar,17,Caldas,5,-75.8333333
5088,Bello,5,Antioquia,6.3388889,-75.5622222
5086,Belmira,5,Antioquia,6.6666667,-75.6666667
25086,Beltrán,25,Cundinamarca,4.8,-74.75
15087,Belén,15,Boyacá,6.0833333,-72.9166667
52083,Belén,52,Nariño,1.5975,-77.0175
27086,Belén de Bajirá,27,Chocó,7.3725,-76.7147222
66088,Belén de Umbría,66,Risaralda,5.25,-75.9166667
18094,Belén de los Andaquíes,18,Caquetá,1.4166667,-75.9166667
15090,Berbeo,15,Boyacá,5.3333333,-73
5091,Betania,5,Antioquia,5.75,-75.9666667
15092,Beteitiva,15,Boyacá,6,-72.8333333
5093,Betulia,5,Antioquia,6.2,-75.9166667
68092,Betulia,68,Santander,7.0833333,-73.3333333
25095,Bituima,25,Cundinamarca,4.9166667,-74.55
15097,Boavita,15,Boyacá,6.4166667,-72.5833333
54099,Bochalema,54,Norte de Santander,7.6666667,-72.5833333
11001,Bogotá D.C.,25,Cundinamarca,4.6,-74.0833333
25099,Bojacá,25,Cundinamarca,4.75,-74.3333333
27099,Bojayá (Bellavista),27,Chocó,6.5236111,-76.9744444
5101,Bolívar,5,Antioquia,5.8333333,-76
19100,Bolívar,19,Cauca,1.8333333,-76.9166667
68101,Bolívar,68,Santander,6.25,-74
76100,Bolívar,76,Valle del Cauca,4.3333333,-76.3333333
20060,Bosconia,20,Cesar,9.9761111,-73.8902778
15104,Boyacá,15,Boyacá,5.5,-72.5
5107,Briceño,5,Antioquia,7.1122222,-75.5541667
15106,Briceño,15,Boyacá,5.75,-73.8333333
68001,Bucaramanga,68,Santander,7.1297222,-73.1258333
54109,Bucarasica,54,Norte de Santander,8.0833333,-73
76109,Buenaventura,76,Valle del Cauca,3.8933333,-77.0697222
15109,Buenavista,15,Boyacá,5.5,-73.9666667
23079,Buenavista,23,Córdoba,8.7575,-75.89
63111,Buenavista,63,Quindío,4.3622222,-75.7394444
70110,Buenavista,70,Sucre,9.3222222,-74.9772222
19110,Buenos Aires,19,Cauca,2.9166667,-76.6666667
52110,Buesaco,52,Nariño,1.25,-77.0833333
76111,Buga,76,Valle del Cauca,3.9022222,-76.3027778
76113,Bugalagrande,76,Valle del Cauca,4.2094444,-76.1602778
5113,Burítica,5,Antioquia,6.75,-75.9166667
15114,Busbanza,15,Boyacá,5.9166667,-72.85
25120,Cabrera,25,Cundinamarca,3.9780556,-74.4858333
68121,Cabrera,68,Santander,6.6333333,-73.2
50124,Cabuyaro,50,Meta,4.2902778,-72.7905556
25123,Cachipay,25,Cundinamarca,5.2666667,-74.5666667
5125,Caicedo,5,Antioquia,6.45,-75.9666667
76122,Caicedonia,76,Valle del Cauca,4.3336591746,-75.8342456818
70124,Caimito,70,Sucre,8.8333333,-75.1666667
73124,Cajamarca,73,Tolima,4.4166667,-75.5
19130,Cajibío,19,Cauca,2.6666667,-76.6666667
25126,Cajicá,25,Cundinamarca,5,-74.05
13140,Calamar,13,Bolívar,10.25,-75
95015,Calamar,95,Guaviare,1.9597222,-72.6538889
63130,Calarcá,63,Quindío,4.5325,-75.6436111
5129,Caldas,5,Antioquia,6.0833333,-75.6333333
15131,Caldas,15,Boyacá,5.55,-73.8833333
19137,Caldono,19,Cauca,2.8333333,-76.4166667
68132,California,68,Santander,7.4166667,-72.85
76126,Calima (Darién),76,Valle del Cauca,3.9166667,-76.6666667
19142,Caloto,19,Cauca,3.0833333,-76.3333333
76001,Calí,76,Valle del Cauca,3.4372222,-76.5225
5134,Campamento,5,Antioquia,7.0833333,-75.25
8137,Campo de la Cruz,8,Atlántico,10.4166667,-74.9166667
41132,Campoalegre,41,Huila,2.6666667,-75.3333333
15135,Campohermoso,15,Boyacá,5.0833333,-73
23090,Canalete,23,Córdoba,8.6761111,-76.2041667
8141,Candelaria,8,Atlántico,10.5,-74.8333333
76130,Candelaria,76,Valle del Cauca,3.4130556,-76.3511111
13160,Cantagallo,13,Bolívar,7.3791667,-73.9180556
27135,Cantón de San Pablo,27,Chocó,5.3388889,-76.7313889
25148,Caparrapí,25,Cundinamarca,5.4166667,-74.5833333
68147,Capitanejo,68,Santander,6.6,-72.6333333
5142,Caracolí,5,Antioquia,6.4119444,-74.7605556
5145,Caramanta,5,Antioquia,5.5833333,-75.5833333
68152,Carcasí,68,Santander,6.8333333,-72.5
5147,Carepa,5,Antioquia,7.7663889,-76.6611111
73148,Carmen de Apicalá,73,Tolima,4.15,-74.7333333
25154,Carmen de Carupa,25,Cundinamarca,5.3502778,-73.9052778
5148,Carmen de Viboral,5,Antioquia,6.085,-75.3386111
27150,Carmen del Darién (CURBARADÓ),27,Chocó,7.158,-76.971
5150,Carolina,5,Antioquia,6.8,-75.25
13001,Cartagena,13,Bolívar,10.3997222,-75.5144444
18150,Cartagena del Chairá,18,Caquetá,1.35,-74.84
76147,Cartago,76,Valle del Cauca,4.7463889,-75.9116667
97161,Carurú,97,Vaupés,0.9166667,-70.7333333
73152,Casabianca,73,Tolima,5.0833333,-75.1666667
50150,Castilla la Nueva,50,Meta,3.8,-73.5833333
5154,Caucasia,5,Antioquia,7.9166667,-75
5138,Cañasgordas,5,Antioquia,6.75,-76
68160,Cepita,68,Santander,6.8333333,-72.9166667
23162,Cereté,23,Córdoba,8.9166667,-76
15162,Cerinza,15,Boyacá,6,-72.9166667
68162,Cerrito,68,Santander,7,-72.5833333
47161,Cerro San Antonio,47,Magdalena,10.25,-74.8333333
52240,Chachaguí,52,Nariño,1.3594305393,-77.2836685181
25168,Chaguaní,25,Cundinamarca,5,-74.65
70230,Chalán,70,Sucre,9.5491667,-75.3161111
73168,Chaparral,73,Tolima,3.75,-75.5833333
68167,Charalá,68,Santander,6.25,-73.0833333
68169,Charta,68,Santander,7.3,-72.9666667
5172,Chigorodó,5,Antioquia,7.6666667,-76.6666667
68176,Chima,68,Santander,6.4166667,-73.3333333
20175,Chimichagua,20,Cesar,9.2577778,-73.8177778
23168,Chimá,23,Córdoba,9.0833333,-75.6333333
15172,Chinavita,15,Boyacá,5.25,-73.3333333
17174,Chinchiná,17,Caldas,5,-75.6666667
54172,Chinácota,54,Norte de Santander,7.75,-72.55
23182,Chinú,23,Córdoba,9.0833333,-75.3333333
25178,Chipaque,25,Cundinamarca,4.5,-74.0833333
68179,Chipatá,68,Santander,6.1333333,-73.55
15176,Chiquinquirá,15,Boyacá,5.6333333,-73.75
20178,Chiriguaná,20,Cesar,9.5,-73.4166667
15180,Chiscas,15,Boyacá,6.75,-72.3333333
15183,Chita,15,Boyacá,6.1666667,-72.4166667
54174,Chitagá,54,Norte de Santander,7.1666667,-72.5833333
15185,Chitaraque,15,Boyacá,6.0833333,-73.3666667
15187,Chivatá,15,Boyacá,5.5333333,-73.2666667
47170,Chivolo,47,Magdalena,10.0280556,-74.6436111
25181,Choachí,25,Cundinamarca,4.5833333,-73.9166667
25183,Chocontá,25,Cundinamarca,5.1666667,-73.6666667
85015,Chámeza,85,Casanare,5,-72.75
25175,Chía,25,Cundinamarca,4.9166667,-74.05
15232,Chíquiza,15,Boyacá,5.6083333,-73.4886111
15236,Chívor,15,Boyacá,4.8855556,-73.3688889
13188,Cicuco,13,Bolívar,9.4166667,-74.7333333
68190,Cimitarra,68,Santander,6.3161111,-73.9505556
63190,Circasia,63,Quindío,4.6166667,-75.6333333
5190,Cisneros,5,Antioquia,6.5833333,-75.0833333
15189,Ciénaga,15,Boyacá,5.4666667,-73.25
47189,Ciénaga,47,Magdalena,10.8333333,-74.0833333
23189,Ciénaga de Oro,23,Córdoba,8.8333333,-75.6666667
13222,Clemencia,13,Bolívar,10.5891667,-75.3341667
5197,Cocorná,5,Antioquia,6,-75
73200,Coello,73,Tolima,4.3333333,-74.9166667
25200,Cogua,25,Cundinamarca,5.15,-73.9666667
41206,Colombia,41,Huila,2.5,-75.75
70204,Colosó (Ricaurte),70,Sucre,9.4966667,-75.3555556
86219,Colón,86,Putumayo,1.1936111,-76.9769444
52203,Colón (Génova),52,Nariño,1.5833333,-77
5206,Concepción,5,Antioquia,6.4166667,-75.25
68207,Concepción,68,Santander,6.9166667,-72.5
5209,Concordia,5,Antioquia,6.0833333,-75.9166667
47205,Concordia,47,Magdalena,9.8402778,-74.4447222
27205,Condoto,27,Chocó,5.1666667,-76.5
68209,Confines,68,Santander,6.4166667,-73.1666667
52207,Consaca,52,Nariño,1.2084064973,-77.4632263184
52210,Contadero,52,Nariño,0.9166667,-77.5333333
68211,Contratación,68,Santander,6.3333333,-73.4166667
54206,Convención,54,Norte de Santander,8.8333333,-73.2
5212,Copacabana,5,Antioquia,6.3333333,-75.5
15212,Coper,15,Boyacá,5.4333333,-74.0333333
63212,Cordobá,63,Quindío,4.3905556,-75.6888889
19212,Corinto,19,Cauca,3.1666667,-76.2
68217,Coromoro,68,Santander,6.3333333,-73
70215,Corozal,70,Sucre,9.3333333,-75.25
15215,Corrales,15,Boyacá,5.8666667,-72.8333333
25214,Cota,25,Cundinamarca,4.8333333,-74.1333333
23300,Cotorra,23,Córdoba,9.05,-75.8
15218,Covarachía,15,Boyacá,6.5833333,-72.7
70221,Coveñas,70,Sucre,9.4166667,-75.7
73217,Coyaima,73,Tolima,3.8333333,-75.0833333
81220,Cravo Norte,81,Arauca,6.3030556,-70.2016667
52224,Cuaspud (Carlosama),52,Nariño,0.8658333,-77.7294444
50223,Cubarral,50,Meta,3.7713889,-73.8377778
15223,Cubará,15,Boyacá,7.0411111,-72.0608333
15224,Cucaita,15,Boyacá,5.5333333,-73.4666667
25224,Cucunubá,25,Cundinamarca,5.25,-73.75
54223,Cucutilla,54,Norte de Santander,7.5,-72.75
15226,Cuitiva,15,Boyacá,5.65,-72.9166667
50226,Cumaral,50,Meta,4.25,-73.3333333
99773,Cumaribo,99,Vichada,4.4444444,-69.8002778
52227,Cumbal,52,Nariño,0.9166667,-77.9166667
52233,Cumbitara,52,Nariño,1.6533333,-77.5833333
73226,Cunday,73,Tolima,4.0833333,-74.6666667
18205,Curillo,18,Caquetá,1.0352778,-75.9247222
68229,Curití,68,Santander,6.6666667,-73
20228,Curumaní,20,Cesar,9.2041667,-73.5486111
5120,Cáceres,5,Antioquia,7.6666667,-75.3333333
54128,Cáchira,54,Norte de Santander,7.75,-73.1666667
54125,Cácota,54,Norte de Santander,7.25,-72.5833333
25151,Cáqueza,25,Cundinamarca,4.45,-73.95
27160,Cértegui,27,Chocó,5.4,-76.6
15204,Cómbita,15,Boyacá,5.75,-73.25
13212,Córdoba,13,Bolívar,9.5,-74.9166667
52215,Córdoba,52,Nariño,0.7833333,-77.3333333
54001,Cúcuta,54,Norte de Santander,7.8833333,-72.5052778
5234,Dabeiba,5,Antioquia,7,-76.25
76233,Dagua,76,Valle del Cauca,3.6602778,-76.6927778
44090,Dibulla,44,La Guajira,11.2722222,-73.3055556
44098,Distracción,44,La Guajira,10.8977778,-72.8869444
73236,Dolores,73,Tolima,3.6666667,-74.75
5237,Don Matías,5,Antioquia,6.5,-75.3333333
66170,Dos Quebradas,66,Risaralda,4.8347222,-75.6725
15238,Duitama,15,Boyacá,5.8269444,-73.0202778
54239,Durania,54,Norte de Santander,7.75,-72.6333333
5240,Ebéjico,5,Antioquia,6.3333333,-75.75
5250,El Bagre,5,Antioquia,7.5941667,-74.8119444
47245,El Banco,47,Magdalena,9.0455556,-73.9747222
76246,El Cairo,76,Valle del Cauca,4.75,-76.25
50245,El Calvario,50,Meta,4.4166667,-73.6666667
54245,El Carmen,54,Norte de Santander,8.75,-73.3333333
68235,El Carmen,68,Santander,6698,-73.511
27245,El Carmen de Atrato,27,Chocó,NA,NA
13244,El Carmen de Bolívar,13,Bolívar,9.75,-75.1666667
50251,El Castillo,50,Meta,3.5680556,-73.7838889
76248,El Cerrito,76,Valle del Cauca,3.6666667,-76.1666667
52250,El Charco,52,Nariño,2.3333333,-78.35
15244,El Cocuy,15,Boyacá,6.4166667,-72.4166667
25245,El Colegio,25,Cundinamarca,4.5833333,-74.45
20238,El Copey,20,Cesar,10.1505556,-73.965
18247,El Doncello,18,Caquetá,1.6794444,-75.2791667
50270,El Dorado,50,Meta,2.7791667,-72.8719444
76250,El Dovio,76,Valle del Cauca,4.5,-76.25
15248,El Espino,15,Boyacá,6.5833333,-72.4166667
68245,El Guacamayo,68,Santander,6.3333333,-73.4666667
13248,El Guamo,13,Bolívar,10.0833333,-74.9166667
44110,El Molino,44,La Guajira,10.6533333,-72.9241667
20250,El Paso,20,Cesar,9.6622222,-73.7519444
18256,El Paujil,18,Caquetá,1.564,-75.332
52254,El Peñol,52,Nariño,1.4333333,-77.4333333
13268,El Peñon,13,Bolívar,8.9833333,-73.95
68250,El Peñon,68,Santander,6.55,-72.8333333
25258,El Peñón,25,Cundinamarca,5.3333333,-74.3333333
47258,El Piñon,47,Magdalena,10.3333333,-74.6666667
68255,El Playón,68,Santander,7.4766667,-73.2080556
95025,El Retorno,95,Guaviare,2.3305556,-72.6277778
47268,El Retén,47,Magdalena,10.6166667,-74.2666667
70233,El Roble,70,Sucre,9.1,-75.2
25260,El Rosal,25,Cundinamarca,4.85,-74.2666667
52256,El Rosario,52,Nariño,1.8333333,-77.3333333
52258,El Tablón de Gómez,52,Nariño,NA,NA
19256,El Tambo,19,Cauca,2.5,-77
52260,El Tambo,52,Nariño,1.4,-77.3333333
54250,El Tarra,54,Norte de Santander,8.5847222,-73.0883333
54261,El Zulia,54,Norte de Santander,7.9355556,-72.605
76243,El Águila,76,Valle del Cauca,4.9166667,-76.0833333
41244,Elías,41,Huila,2.0833333,-76
68264,Encino,68,Santander,6.1666667,-73
68266,Enciso,68,Santander,6.75,-72.6333333
5264,Entrerríos,5,Antioquia,6.5833333,-75.5833333
5266,Envigado,5,Antioquia,6.1730556,-75.5638889
73268,Espinal,73,Tolima,4.2,-74.8333333
25269,Facatativá,25,Cundinamarca,4.8166667,-74.3666667
73270,Falan,73,Tolima,5.1333333,-75
17272,Filadelfia,17,Caldas,5.3,-75.6
63272,Filandia,63,Quindío,4.6666667,-75.6333333
15272,Firavitoba,15,Boyacá,5.75,-72.9666667
73275,Flandes,73,Tolima,4.25,-74.8333333
18001,Florencia,18,Caquetá,1.6175,-75.6175
19290,Florencia,19,Cauca,1.6944444,-77.0758333
15276,Floresta,15,Boyacá,5.9166667,-72.9166667
76275,Florida,76,Valle del Cauca,3.3275,-76.2386111
68276,Floridablanca,68,Santander,7.0647222,-73.0897222
68271,Florián,68,Santander,5.8047222,-73.9741667
44279,Fonseca,44,La Guajira,10.8333333,-72.8333333
81300,Fortúl,81,Arauca,6.7461111,-71.8566667
25281,Fosca,25,Cundinamarca,4.3333333,-73.9166667
52520,Francisco Pizarro,52,Nariño,2.1019444,-78.7216667
5282,Fredonia,5,Antioquia,5.9166667,-75.6666667
73283,Fresno,73,Tolima,5.1666667,-75.0833333
5284,Frontino,5,Antioquia,6.6666667,-76.3333333
50287,Fuente de Oro,50,Meta,3.4594444,-73.6127778
47288,Fundación,47,Magdalena,10.4166667,-73.9166667
52287,Funes,52,Nariño,0.95,-77.3333333
25286,Funza,25,Cundinamarca,4.7833333,-74.2
25290,Fusagasugá,25,Cundinamarca,4.4166667,-74.4
25279,Fómeque,25,Cundinamarca,4.5833333,-73.8333333
25288,Fúquene,25,Cundinamarca,5.4166667,-73.8
25293,Gachalá,25,Cundinamarca,4.6666667,-73.5
25295,Gachancipá,25,Cundinamarca,5.0833333,-73.8833333
15293,Gachantivá,15,Boyacá,5.75,-73.5
25297,Gachetá,25,Cundinamarca,4.9166667,-73.6666667
8296,Galapa,8,Atlántico,10.9166667,-74.8333333
70235,Galeras (Nueva Granada),70,Sucre,9.1630556,-75.0525
68296,Galán,68,Santander,6.7,-73.3
25299,Gama,25,Cundinamarca,4.75,-73.6
20295,Gamarra,20,Cesar,8.3333333,-73.6666667
15299,Garagoa,15,Boyacá,5.1333333,-73.3
41298,Garzón,41,Huila,2.25,-75.5833333
41306,Gigante,41,Huila,2.5,-75.5
76306,Ginebra,76,Valle del Cauca,3.75,-76.1666667
5306,Giraldo,5,Antioquia,6.6666667,-75.9166667
25307,Girardot,25,Cundinamarca,4.3030556,-74.8008333
5308,Girardota,5,Antioquia,6.4166667,-75.45
68306,Girón,68,Santander,7.0708333,-73.1730556
20310,Gonzalez,20,Cesar,8.4,-73.3333333
54313,Gramalote,54,Norte de Santander,7.9166667,-72.75
5313,Granada,5,Antioquia,6.1666667,-75.1333333
25312,Granada,25,Cundinamarca,5.0666667,-74.5666667
50313,Granada,50,Meta,3.5386111,-73.7005556
68318,Guaca,68,Santander,7,-72.7666667
15317,Guacamayas,15,Boyacá,6.5,-72.5
76318,Guacarí,76,Valle del Cauca,3.7694444,-76.3380556
52699,Guachavés,52,Nariño,1.2247222,-77.68
19300,Guachené,19,Cauca,3.1333333,-76.3833333
25317,Guachetá,25,Cundinamarca,5.4166667,-73.7
52317,Guachucal,52,Nariño,1,-77.75
5315,Guadalupe,5,Antioquia,6.8175,-75.2441667
41319,Guadalupe,41,Huila,2.0833333,-75.6666667
68320,Guadalupe,68,Santander,6.3,-73.3333333
25320,Guaduas,25,Cundinamarca,5.25,-74.6666667
52320,Guaitarilla,52,Nariño,1.15,-77.5
52323,Gualmatán,52,Nariño,0.8333333,-77.5833333
47318,Guamal,47,Magdalena,9.25,-74.1666667
50318,Guamal,50,Meta,3.9166667,-74
73319,Guamo,73,Tolima,4.0833333,-74.9166667
68322,Guapota,68,Santander,6.3833333,-73.25
19318,Guapí,19,Cauca,2.4166667,-77.6
70265,Guaranda,70,Sucre,8.4697222,-75.5383333
5318,Guarne,5,Antioquia,6.25,-75.4166667
25322,Guasca,25,Cundinamarca,4.8333333,-73.8333333
5321,Guatapé,5,Antioquia,6.25,-75.1666667
25324,Guataquí,25,Cundinamarca,4.5833333,-74.8
25326,Guatavita,25,Cundinamarca,4.9666667,-73.75
15322,Guateque,15,Boyacá,5.0833333,-73.5
68324,Guavatá,68,Santander,6,-73.65
25328,Guayabal de Siquima,25,Cundinamarca,4.8813889,-74.4702778
25335,Guayabetal,25,Cundinamarca,4.2163889,-73.8133333
15325,Guayatá,15,Boyacá,5,-73.5
68327,Guepsa,68,Santander,6.0833333,-73.5
15332,Guicán,15,Boyacá,6.75,-72.1666667
25339,Gutiérrez,25,Cundinamarca,4.25,-74
66318,Guática,66,Risaralda,5.3333333,-75.8333333
68298,Gámbita,68,Santander,6,-73.25
15296,Gámeza,15,Boyacá,5.85,-72.75
63302,Génova,63,Quindío,4.25,-75.6666667
5310,Gómez Plata,5,Antioquia,6.75,-75.8333333
54344,Hacarí,54,Norte de Santander,8.5,-73.0833333
13300,Hatillo de Loba,13,Bolívar,8.9586111,-74.0808333
68344,Hato,68,Santander,6.5833333,-73.3333333
85125,Hato Corozal,85,Casanare,6.1555556,-71.7655556
44378,Hatonuevo,44,La Guajira,11.0694444,-72.7669444
5347,Heliconia,5,Antioquia,6.2333333,-75.75
54347,Herrán,54,Norte de Santander,7.5,-72.4666667
73347,Herveo,73,Tolima,5.0833333,-75.1666667
5353,Hispania,5,Antioquia,5.8025,-75.9116667
41349,Hobo,41,Huila,2.5833333,-75.5
73349,Honda,73,Tolima,5.25,-74.8333333
73001,Ibagué,73,Tolima,4.4388889,-75.2322222
73352,Icononzo,73,Tolima,4.1666667,-74.55
52352,Iles,52,Nariño,0.95,-77.5333333
52354,Imúes,52,Nariño,1.05,-77.5
19355,Inzá,19,Cauca,2.6666667,-76.0833333
94001,Inírida,94,Guainía,3.8652778,-67.9238889
52356,Ipiales,52,Nariño,0.8302778,-77.6444444
41359,Isnos,41,Huila,2.0833333,-76.25
27361,Istmina,27,Chocó,5.1588889,-76.6916667
5360,Itagüí,5,Antioquia,6.1719444,-75.6113889
5361,Ituango,5,Antioquia,7.25,-76
15362,Izá,15,Boyacá,5.6666667,-72.9166667
19364,Jambaló,19,Cauca,2.85,-76.3166667
76364,Jamundí,76,Valle del Cauca,3.1666667,-76.5833333
5364,Jardín,5,Antioquia,5.5833333,-75.8333333
15367,Jenesano,15,Boyacá,5.3888889,-73.3680556
5368,Jericó,5,Antioquia,5.75,-75.75
15368,Jericó,15,Boyacá,6.2,-72.5833333
25368,Jerusalén,25,Cundinamarca,4.6666667,-74.6666667
68368,Jesús María,68,Santander,5.9166667,-73.8333333
68370,Jordán,68,Santander,6.75,-73.0666667
8132,Juan de Acosta,8,Atlántico,10.8333333,-75.0333333
25372,Junín,25,Cundinamarca,4.75,-73.6666667
27372,Juradó,27,Chocó,7,-77.6666667
23350,La Apartada y La Frontera,23,Córdoba,NA,NA
41378,La Argentina,41,Huila,2.25,-76.1666667
68377,La Belleza,68,Santander,5.8613889,-73.9683333
25377,La Calera,25,Cundinamarca,4.75,-73.9166667
15380,La Capilla,15,Boyacá,5.15,-73.45
5376,La Ceja,5,Antioquia,6,-75.4166667
66383,La Celia,66,Risaralda,4.9666667,-76
52378,La Cruz,52,Nariño,1.55,-76.8833333
76677,La Cumbre,76,Valle del Cauca,3.6666667,-76.5833333
17380,La Dorada,17,Caldas,5.5333333,-74.7
54385,La Esperanza,54,Norte de Santander,8.1666667,-72.4666667
5380,La Estrella,5,Antioquia,6.1666667,-75.6666667
52381,La Florida,52,Nariño,1.25,-77.4166667
20383,La Gloria,20,Cesar,8.5833333,-73.5833333
20400,La Jagua de Ibirico,20,Cesar,9.5641667,-73.3375
44420,La Jagua del Pilar,44,La Guajira,10.5166667,-73.0833333
52385,La Llanada,52,Nariño,1.4777778,-77.5838889
50350,La Macarena,50,Meta,2.8536111,-73.9436111
17388,La Merced,17,Caldas,5.4019444,-75.8847222
25386,La Mesa,25,Cundinamarca,4.6666667,-74.5
18410,La Montañita,18,Caquetá,1.5833333,-75.25
25394,La Palma,25,Cundinamarca,5.4166667,-74.4166667
68397,La Paz,68,Santander,6.25,-73.4666667
20621,La Paz (Robles),20,Cesar,10.1666667,-73.25
25398,La Peña,25,Cundinamarca,5.25,-74.4166667
5390,La Pintada,5,Antioquia,5.75,-75.6
41396,La Plata,41,Huila,2.4166667,-76.1666667
54398,La Playa,54,Norte de Santander,8.25,-73.1666667
99524,La Primavera,99,Vichada,5.4905556,-70.4091667
85136,La Salina,85,Casanare,6.1852778,-72.3444444
19392,La Sierra,19,Cauca,2.25,-76.8333333
63401,La Tebaida,63,Quindío,4.45,-75.8
52390,La Tola,52,Nariño,2.4108333,-78.2427778
5400,La Unión,5,Antioquia,5.9166667,-75.3333333
52399,La Unión,52,Nariño,1.5833333,-77.0833333
70400,La Unión,70,Sucre,8.8605556,-75.2805556
76400,La Unión,76,Valle del Cauca,4.5358333,-76.1066667
15403,La Uvita,15,Boyacá,6.3333333,-72.5
19397,La Vega,19,Cauca,2.0833333,-76.8333333
25402,La Vega,25,Cundinamarca,5,-74.35
15401,La Victoria,15,Boyacá,5.5258333,-74.2361111
17867,La Victoria,17,Caldas,4.5238889,-76.0411111
76403,La Victoria,76,Valle del Cauca,4.5238889,-76.0411111
66400,La Virginia,66,Risaralda,4.9166667,-75.8333333
54377,Labateca,54,Norte de Santander,7.3333333,-72.5
15377,Labranzagrande,15,Boyacá,5.5833333,-72.5833333
68385,Landázuri,68,Santander,6.2238889,-73.8127778
68406,Lebrija,68,Santander,7.4166667,-73.4166667
52405,Leiva,52,Nariño,1.9375,-77.3080556
50400,Lejanías,50,Meta,3.5136111,-74.0516667
25407,Lenguazaque,25,Cundinamarca,5.3333333,-73.6666667
91001,Leticia,91,Amazonas,-4.2152778,-69.9405556
5411,Liborina,5,Antioquia,6.75,-75.75
52411,Linares,52,Nariño,1.3833333,-77.45
27413,Lloró,27,Chocó,5.5833333,-76.4166667
23417,Lorica,23,Córdoba,9.1666667,-75.8333333
23419,Los Córdobas,23,Córdoba,8.9,-76.3597222
70418,Los Palmitos,70,Sucre,9.3811111,-75.2713889
54405,Los Patios,54,Norte de Santander,7.8383333,-72.5133333
68418,Los Santos,68,Santander,6.9166667,-73.0833333
54418,Lourdes,54,Norte de Santander,7.9666667,-72.8333333
8421,Luruaco,8,Atlántico,10.6141667,-75.1461111
73408,Lérida,73,Tolima,4.9166667,-74.9166667
73411,Líbano,73,Tolima,4.9166667,-75.1666667
19418,López (Micay),19,Cauca,2.4333333,-76.8
15425,Macanal,15,Boyacá,4.9166667,-73.25
68425,Macaravita,68,Santander,6.5833333,-72.5333333
5425,Maceo,5,Antioquia,6.5,-74.75
25426,Machetá,25,Cundinamarca,5.0833333,-73.6166667
25430,Madrid,25,Cundinamarca,4.8333333,-74.3
13430,Magangué,13,Bolívar,9.2413889,-74.7533333
52427,Magüi (Payán),52,Nariño,1.9166667,-77.8333333
13433,Mahates,13,Bolívar,10.1666667,-75.1666667
44430,Maicao,44,La Guajira,11.3841667,-72.2441667
70429,Majagual,70,Sucre,8.5,-74.6666667
8433,Malambo,8,Atlántico,10.8588889,-74.7730556
52435,Mallama (Piedrancha),52,Nariño,1.0833333,-77.8166667
8436,Manatí,8,Atlántico,10.5,-75
44560,Manaure,44,La Guajira,11.7791667,-72.4494444
20443,Manaure Balcón del Cesar,20,Cesar,10.3927778,-73.0325
17001,Manizales,17,Caldas,5.07,-75.5205556
25436,Manta,25,Cundinamarca,5.0833333,-73.5833333
17433,Manzanares,17,Caldas,5.25,-75.1666667
85139,Maní,85,Casanare,4.8333333,-72.3333333
50325,Mapiripán,50,Meta,2.8911111,-72.1322222
13440,Margarita,13,Bolívar,9.0833333,-74.2
5440,Marinilla,5,Antioquia,6.2,-75.3
15442,Maripí,15,Boyacá,5.5833333,-74
73443,Mariquita,73,Tolima,5.25,-74.9166667
17442,Marmato,17,Caldas,5.5,-75.5833333
17444,Marquetalia,17,Caldas,5.3333333,-75
66440,Marsella,66,Risaralda,4.9166667,-75.75
17446,Marulanda,17,Caldas,5.3333333,-75.25
13442,María la Baja,13,Bolívar,10,-75.3333333
68444,Matanza,68,Santander,7.4166667,-73.0833333
5001,Medellín,5,Antioquia,6.2913889,-75.5361111
25438,Medina,25,Cundinamarca,4.5,-73.3333333
27425,Medio Atrato,27,Chocó,NA,NA
27430,Medio Baudó,27,Chocó,NA,NA
27450,Medio San Juan (ANDAGOYA),27,Chocó,5.1,-76.683
73449,Melgar,73,Tolima,4.25,-74.5833333
19450,Mercaderes,19,Cauca,1.75,-77.1666667
50330,Mesetas,50,Meta,3.3780556,-74.0447222
18460,Milán,18,Caquetá,1.3483333,-75.5116667
15455,Miraflores,15,Boyacá,5.25,-73.1666667
95200,Miraflores,95,Guaviare,1.3366667,-71.9511111
19455,Miranda,19,Cauca,3.25,-76.25
66456,Mistrató,66,Risaralda,5.4166667,-76
97001,Mitú,97,Vaupés,1.1983333,-70.1733333
86001,Mocoa,86,Putumayo,1.1488889,-76.6477778
68464,Mogotes,68,Santander,6.5833333,-72.9166667
68468,Molagavita,68,Santander,6.75,-72.75
23464,Momil,23,Córdoba,9.2372222,-75.6780556
13468,Mompós,13,Bolívar,9.25,-74.5833333
15464,Mongua,15,Boyacá,5.8333333,-72.6666667
15466,Monguí,15,Boyacá,5.75,-72.8333333
15469,Moniquirá,15,Boyacá,5.9166667,-73.5
5467,Montebello,5,Antioquia,5.9166667,-75.5
13458,Montecristo,13,Bolívar,8.2994444,-74.4755556
23466,Montelíbano,23,Córdoba,7.75,-75.6666667
63470,Montenegro,63,Quindío,4.5,-75.8
23001,Monteria,23,Córdoba,8.7575,-75.89
85162,Monterrey,85,Casanare,4.9166667,-72.8333333
13473,Morales,13,Bolívar,8.4166667,-74
19473,Morales,19,Cauca,2.8,-76.6666667
18479,Morelia,18,Caquetá,1.4875,-75.725
70473,Morroa,70,Sucre,9.4166667,-75.3333333
25473,Mosquera,25,Cundinamarca,4.75,-74.3333333
52473,Mosquera,52,Nariño,2.35,-78.35
15476,Motavita,15,Boyacá,5.5797222,-73.3713889
23500,Moñitos,23,Córdoba,8.25,-76.05
73461,Murillo,73,Tolima,4.8769444,-75.1738889
5475,Murindó,5,Antioquia,6.8,-76.8
5480,Mutatá,5,Antioquia,7.3333333,-76.5
54480,Mutiscua,54,Norte de Santander,7.3333333,-72.7166667
15480,Muzo,15,Boyacá,5.5166667,-74.1166667
68432,Málaga,68,Santander,6.7833333,-72.6666667
5483,Nariño,5,Antioquia,5.6,-75.1666667
25483,Nariño,25,Cundinamarca,4.45,-74.8
52480,Nariño,52,Nariño,1.5,-78
73483,Natagaima,73,Tolima,3.5833333,-75.0833333
5495,Nechí,5,Antioquia,8.0963889,-74.7758333
5490,Necoclí,5,Antioquia,8.4238889,-76.7911111
17486,Neira,17,Caldas,5.1666667,-75.5
41001,Neiva,41,Huila,2.9305556,-75.3302778
25486,Nemocón,25,Cundinamarca,5.1333333,-73.9
25488,Nilo,25,Cundinamarca,4.3333333,-74.5833333
25489,Nimaima,25,Cundinamarca,5.2,-74.4166667
15491,Nobsa,15,Boyacá,5.8333333,-72.9166667
25491,Nocaima,25,Cundinamarca,5.1166667,-74.4166667
17495,Norcasia,17,Caldas,5.5666667,-74.8833333
13490,Norosí,13,Bolívar,8.5333333,-74.0333333
27491,Novita,27,Chocó,4.9166667,-76.5833333
47460,Nueva Granada,47,Magdalena,9.8030556,-74.3902778
15494,Nuevo Colón,15,Boyacá,5.4166667,-73.4166667
85225,Nunchía,85,Casanare,5.6405556,-72.1986111
27495,Nuquí,27,Chocó,6,-77.3333333
41483,Nátaga,41,Huila,2.65,-75.8
76497,Obando,76,Valle del Cauca,4.5833333,-75.9166667
68498,Ocamonte,68,Santander,6.4166667,-73.0833333
54498,Ocaña,54,Norte de Santander,8.25,-73.3
68500,Oiba,68,Santander,6.3,-73.25
15500,Oicatá,15,Boyacá,5.6,-73.3166667
5501,Olaya,5,Antioquia,6.6666667,-75.75
52490,Olaya Herrera,52,Nariño,1.2666667,-77.4833333
68502,Onzaga,68,Santander,6.3333333,-72.75
41503,Oporapa,41,Huila,2.0833333,-76.0166667
86320,Orito,86,Putumayo,0.6966667,-76.8747222
85230,Orocué,85,Casanare,4.7941667,-71.34
73504,Ortega,73,Tolima,3.9166667,-75.25
52506,Ospina,52,Nariño,1.0333333,-77.55
15507,Otanche,15,Boyacá,5.75,-74.25
70508,Ovejas,70,Sucre,9.5,-75.1666667
15511,Pachavita,15,Boyacá,5.1333333,-73.4
25513,Pacho,25,Cundinamarca,5.25,-74.1666667
19513,Padilla,19,Cauca,3.0666667,-76.3166667
41518,Paicol,41,Huila,2.45,-75.75
20517,Pailitas,20,Cesar,8.9661111,-73.6316667
25518,Paime,25,Cundinamarca,5.4166667,-74.1666667
15516,Paipa,15,Boyacá,5.8333333,-73.1
15518,Pajarito,15,Boyacá,5.4166667,-72.6666667
41524,Palermo,41,Huila,3,-75.5
17524,Palestina,17,Caldas,5.0833333,-75.6666667
41530,Palestina,41,Huila,1.75,-76.0666667
68522,Palmar,68,Santander,6.5833333,-73.25
8520,Palmar de Varela,8,Atlántico,10.7466667,-74.7555556
68524,Palmas del Socorro,68,Santander,6.45,-73.25
76520,Palmira,76,Valle del Cauca,3.5394444,-76.3036111
70523,Palmito,70,Sucre,9.3333333,-75.55
73520,Palocabildo,73,Tolima,5.1333333,-75.0333333
54518,Pamplona,54,Norte de Santander,7.3780556,-72.6525
54520,Pamplonita,54,Norte de Santander,7.5,-72.5833333
25524,Pandi,25,Cundinamarca,4.25,-74.5
15522,Panqueba,15,Boyacá,6.5,-72.4166667
25530,Paratebueno,25,Cundinamarca,4.3730556,-73.2213889
25535,Pasca,25,Cundinamarca,4.3333333,-74.2833333
19532,Patía (El Bordo),19,Cauca,2.1155556,-76.9891667
15531,Pauna,15,Boyacá,5.75,-73.9166667
15532,Paya,15,Boyacá,5.6666667,-72.3816667
85250,Paz de Ariporo,85,Casanare,5.8833333,-71.9
15537,Paz de Río,15,Boyacá,6.0833333,-72.75
47441,Pedraza,47,Magdalena,10.1666667,-74.75
20550,Pelaya,20,Cesar,8.6916667,-73.6663889
17541,Pensilvania,17,Caldas,5.5,-75.0833333
5543,Peque,5,Antioquia,7,-75.8333333
66001,Pereira,66,Risaralda,4.8133333,-75.6961111
15542,Pesca,15,Boyacá,5.5833333,-73.05
5541,Peñol,5,Antioquia,6.25,-75.25
19533,Piamonte,19,Cauca,7.7833333,-75.2
68547,Pie de Cuesta,68,Santander,5.8383333,-74.0366667
73547,Piedras,73,Tolima,4.5,-74.9166667
19548,Piendamó,19,Cauca,2.75,-76.5
63548,Pijao,63,Quindío,4.3333333,-75.6666667
47545,Pijiño,47,Magdalena,NA,-74.4497222
68549,Pinchote,68,Santander,6.5833333,-73.1666667
13549,Pinillos,13,Bolívar,8.9172222,-74.4663889
8549,Piojo,8,Atlántico,10.75,-75.1333333
15550,Pisva,15,Boyacá,5.7427778,-72.4894444
41548,Pital,41,Huila,2.3333333,-75.8333333
41551,Pitalito,41,Huila,1.75,-76.1666667
47551,Pivijay,47,Magdalena,10.4166667,-74.3333333
73555,Planadas,73,Tolima,3.25,-75.75
23555,Planeta Rica,23,Córdoba,8.3333333,-75.5833333
47555,Plato,47,Magdalena,9.8333333,-74.3333333
52540,Policarpa,52,Nariño,1.6316667,-77.4616667
8558,Polonuevo,8,Atlántico,10.75,-74.7833333
8560,Ponedera,8,Atlántico,10.6436111,-74.7544444
19001,Popayán,19,Cauca,3.2775,-75.6213889
85263,Pore,85,Casanare,5.6708333,-71.93
52560,Potosí,52,Nariño,0.75,-77.4166667
76563,Pradera,76,Valle del Cauca,3.4211111,-76.2447222
73563,Prado,73,Tolima,3.75,-74.8333333
52565,Providencia,52,Nariño,1.5702778,-77.4694444
88564,Providencia,88,San Andrés,12.5,-81.75
20570,Pueblo Bello,20,Cesar,10.3666667,-73.6333333
23570,Pueblo Nuevo,23,Córdoba,8.2333333,-74.9666667
66572,Pueblo Rico,66,Risaralda,5.25,-76.1666667
5576,Pueblorrico,5,Antioquia,5.8,-75.85
47570,Puebloviejo,47,Magdalena,10.9833333,-74.3333333
68572,Puente Nacional,68,Santander,5.9166667,-73.5833333
52573,Puerres,52,Nariño,0.9166667,-77.25
86568,Puerto Asís,86,Putumayo,0.5158333,-76.495
5579,Puerto Berrío,5,Antioquia,6.4166667,-74.5
15572,Puerto Boyacá,15,Boyacá,5.9780556,-74.5897222
86569,Puerto Caicedo,86,Putumayo,0.6838889,-76.5858333
99001,Puerto Carreño,99,Vichada,6.1877778,-67.4730556
8573,Puerto Colombia,8,Atlántico,11.0166667,-74.8833333
50450,Puerto Concordia,50,Meta,2.6794444,-72.7608333
23574,Puerto Escondido,23,Córdoba,8.95,-76.25
50568,Puerto Gaitán,50,Meta,4.3141667,-72.0825
86571,Puerto Guzmán,86,Putumayo,0.9702778,-76.5858333
86573,Puerto Leguízamo,86,Putumayo,-0.2,-74.7666667
23580,Puerto Libertador,23,Córdoba,4.6,-74.1166667
50577,Puerto Lleras,50,Meta,3,-72.5
50573,Puerto López,50,Meta,4.0833333,-72.9666667
5585,Puerto Nare,5,Antioquia,6.1916667,-74.5866667
91540,Puerto Nariño,91,Amazonas,-3.7702778,-70.3830556
68573,Puerto Parra,68,Santander,6.6516667,-74.0608333
18592,Puerto Rico,18,Caquetá,1.9141667,-75.145
50590,Puerto Rico,50,Meta,2.9383333,-73.2083333
81591,Puerto Rondón,81,Arauca,6.2780556,-71.1
25572,Puerto Salgar,25,Cundinamarca,5.5,-74.5833333
54553,Puerto Santander,54,Norte de Santander,8.3636111,-72.4075
19573,Puerto Tejada,19,Cauca,3.25,-76.4166667
5591,Puerto Triunfo,5,Antioquia,5.8708333,-74.6455556
68575,Puerto Wilches,68,Santander,7.5833333,-73.6666667
25580,Pulí,25,Cundinamarca,4.75,-74.6666667
52585,Pupiales,52,Nariño,0.9166667,-77.6666667
19585,Puracé (Coconuco),19,Cauca,2.3480556,-76.5008333
73585,Purificación,73,Tolima,3.9166667,-74.9166667
23586,Purísima,23,Córdoba,9.3,-75.6666667
17513,Pácora,17,Caldas,5.5,-75.5
15514,Páez,15,Boyacá,5.1044444,-73.0555556
19517,Páez (Belalcazar),19,Cauca,5.1044444,-73.0555556
68533,Páramo,68,Santander,6.5,-73.1333333
25592,Quebradanegra,25,Cundinamarca,5.15,-74.5
25594,Quetame,25,Cundinamarca,4.3333333,-73.8333333
27001,Quibdó,27,Chocó,5.6947222,-76.6611111
63594,Quimbaya,63,Quindío,4.6333333,-75.75
66594,Quinchía,66,Risaralda,5.3333333,-75.6666667
15580,Quipama,15,Boyacá,5.5222222,-74.1808333
25596,Quipile,25,Cundinamarca,4.75,-74.5833333
54599,Ragonvalia,54,Norte de Santander,7.5833333,-72.5
15599,Ramiriquí,15,Boyacá,5.4166667,-73.3333333
85279,Recetor,85,Casanare,5.3333333,-72.75
13580,Regidor,13,Bolívar,8.6666667,-73.8333333
5604,Remedios,5,Antioquia,7,-74.4166667
47605,Remolino,47,Magdalena,10.6666667,-74.5833333
8606,Repelón,8,Atlántico,10.55,-75.1333333
50606,Restrepo,50,Meta,4.1666667,-73.4166667
76606,Restrepo,76,Valle del Cauca,3.7833333,-76.5
5607,Retiro,5,Antioquia,6.0833333,-75.5
25612,Ricaurte,25,Cundinamarca,4.2797222,-74.7761111
52612,Ricaurte,52,Nariño,1.1666667,-78.1666667
68615,Rio Negro,68,Santander,7.2191667,-73.1558333
73616,Rioblanco,73,Tolima,3.5,-75.8333333
76616,Riofrío,76,Valle del Cauca,4.0833333,-76.3333333
44001,Riohacha,44,La Guajira,11.5444444,-72.9072222
17616,Risaralda,17,Caldas,5.1666667,-75.75
41615,Rivera,41,Huila,2.8333333,-75.1666667
52621,Roberto Payán (San José),52,Nariño,1.9166667,-78.3333333
76622,Roldanillo,76,Valle del Cauca,4.4147222,-76.1547222
73622,Roncesvalles,73,Tolima,4.0833333,-75.5833333
15621,Rondón,15,Boyacá,5.4166667,-73.1666667
19622,Rosas,19,Cauca,2.3333333,-76.75
73624,Rovira,73,Tolima,4.25,-75.3333333
15600,Ráquira,15,Boyacá,5.6166667,-73.6333333
27580,Río Iró,27,Chocó,5.1,-76.6666667
27600,Río Quito,27,Chocó,5.7,-76.6666667
17614,Río Sucio,17,Caldas,5.3791667,-75.6161111
13600,Río Viejo,13,Bolívar,8.59,-73.8436111
20614,Río de oro,20,Cesar,8,-73.5
5615,Ríonegro,5,Antioquia,6.1666667,-75.4166667
27615,Ríosucio,27,Chocó,7.4166667,-77.1666667
68655,Sabana de Torres,68,Santander,7.3980556,-73.4969444
8634,Sabanagrande,8,Atlántico,10.8,-74.75
5628,Sabanalarga,5,Antioquia,6.9166667,-75.8
8638,Sabanalarga,8,Atlántico,10.6333333,-74.8333333
85300,Sabanalarga,85,Casanare,4.8536111,-73.0430556
47660,Sabanas de San Angel (SAN ANGEL),47,Magdalena,10.033,-74.217
5631,Sabaneta,5,Antioquia,6.15,-75.6
15632,Saboyá,15,Boyacá,5.75,-73.7
23660,Sahagún,23,Córdoba,8.8333333,-75.4166667
41660,Saladoblanco,41,Huila,2.0144444,-76.0502778
17653,Salamina,17,Caldas,5.4166667,-75.4166667
47675,Salamina,47,Magdalena,10.5,-74.7
54660,Salazar,54,Norte de Santander,7.8,-72.8333333
73671,Saldaña,73,Tolima,3.9347222,-75.0202778
63690,Salento,63,Quindío,4.6666667,-75.5
5642,Salgar,5,Antioquia,6,-76
15646,Samacá,15,Boyacá,5.5,-73.5
52678,Samaniego,52,Nariño,1.4166667,-77.6666667
17662,Samaná,17,Caldas,5.5833333,-74.9166667
70670,Sampués,70,Sucre,9.1666667,-75.3
41668,San Agustín,41,Huila,1.9166667,-76.3333333
20710,San Alberto,20,Cesar,7.7525,-73.3891667
68669,San Andrés,68,Santander,6.8333333,-72.75
23670,San Andrés Sotavento,23,Córdoba,9.1666667,-75.55
5647,San Andrés de Cuerquía,5,Antioquia,6.917,-75.667
23672,San Antero,23,Córdoba,9.35,-75.75
73675,San Antonio,73,Tolima,3.9166667,-75.5
25645,San Antonio de Tequendama,25,Cundinamarca,4.1333333,-74.5
68673,San Benito,68,Santander,6.1666667,-73.4666667
70678,San Benito Abad,70,Sucre,8.75,-74.9166667
25649,San Bernardo,25,Cundinamarca,4.2,-74.3333333
52685,San Bernardo,52,Nariño,1.5163889,-77.0466667
23675,San Bernardo del Viento,23,Córdoba,9.25,-76
54670,San Calixto,54,Norte de Santander,8.75,-73.0333333
5649,San Carlos,5,Antioquia,6.2,-74.9166667
23678,San Carlos,23,Córdoba,8.7,-75.7
50680,San Carlos de Guaroa,50,Meta,3.7122222,-73.2436111
25653,San Cayetano,25,Cundinamarca,5.3333333,-74.0833333
54673,San Cayetano,54,Norte de Santander,7.8833333,-72.5833333
13620,San Cristobal,13,Bolívar,9.8833333,-75.25
20750,San Diego,20,Cesar,10.3375,-73.1825
15660,San Eduardo,15,Boyacá,5.2166667,-73.1333333
13647,San Estanislao,13,Bolívar,10.3983333,-75.1511111
13650,San Fernando,13,Bolívar,9.0833333,-74.3333333
5652,San Francisco,5,Antioquia,6.1166667,-75.9833333
25658,San Francisco,25,Cundinamarca,5,-74.2833333
86755,San Francisco,86,Putumayo,1.1772222,-76.8830556
68679,San Gíl,68,Santander,6.5833333,-73.0833333
13654,San Jacinto,13,Bolívar,9.8333333,-75.0833333
13655,San Jacinto del Cauca,13,Bolívar,9.8316667,-75.1263889
5656,San Jerónimo,5,Antioquia,6.45,-75.7
68682,San Joaquín,68,Santander,6.4333333,-72.8666667
17665,San José,17,Caldas,5.0858333,-75.7883333
68686,San José de Miranda,68,Santander,6.7,-72.6666667
5658,San José de Montaña,5,Antioquia,6.8502778,-75.6833333
15664,San José de Pare,15,Boyacá,6.0833333,-73.4666667
23682,San José de Uré,23,Córdoba,7.767,-75.517
18610,San José del Fragua,18,Caquetá,1.3611111,-75.9883333
95001,San José del Guaviare,95,Guaviare,2.5683333,-72.6416667
27660,San José del Palmar,27,Chocó,4.9166667,-76.25
50683,San Juan de Arama,50,Meta,3.3463889,-73.8894444
70702,San Juan de Betulia,70,Sucre,9.2755556,-75.2455556
13657,San Juan de Nepomuceno,13,Bolívar,9.9566667,-75.0866667
52001,San Juan de Pasto,52,Nariño,1.2146707368,-77.2786474228
25662,San Juan de Río Seco,25,Cundinamarca,4.9166667,-74.6666667
5659,San Juan de Urabá,5,Antioquia,8.7630556,-76.53
44650,San Juan del Cesar,44,La Guajira,10.8333333,-73.0833333
50686,San Juanito,50,Meta,4.4586111,-73.6730556
52687,San Lorenzo,52,Nariño,1.5,-77.1666667
73678,San Luis,73,Tolima,4.1666667,-75.0833333
5660,San Luís,5,Antioquia,6,-74.8333333
15667,San Luís de Gaceno,15,Boyacá,4.8213889,-73.1675
85325,San Luís de Palenque,85,Casanare,5.2805556,-71.5819444
70708,San Marcos,70,Sucre,8.5833333,-75.1666667
20770,San Martín,20,Cesar,8.0047222,-73.5152778
50689,San Martín,50,Meta,3.7,-73.7
13667,San Martín de Loba,13,Bolívar,8.8333333,-73.9166667
15673,San Mateo,15,Boyacá,6.5,-72.5
68684,San Miguel,68,Santander,6.6666667,-72.55
86757,San Miguel,86,Putumayo,0.3394444,-76.8830556
15676,San Miguel de Sema,15,Boyacá,5.55,-73.75
70713,San Onofre,70,Sucre,9.8333333,-75.5
13670,San Pablo,13,Bolívar,10.0527778,-75.2680556
52693,San Pablo,52,Nariño,1.6666667,-76.9166667
15681,San Pablo de Borbur,15,Boyacá,5.75,-74.0833333
5664,San Pedro,5,Antioquia,6.45,-75.5833333
70717,San Pedro,70,Sucre,9.4166667,-75
76670,San Pedro,76,Valle del Cauca,4,-76.1666667
52694,San Pedro de Cartago,52,Nariño,1.5613889,-77.1180556
5665,San Pedro de Urabá,5,Antioquia,8.2761111,-76.3786111
23686,San Pelayo,23,Córdoba,9,-75.9166667
5667,San Rafael,5,Antioquia,6.3,-75
5670,San Roque,5,Antioquia,6.4166667,-74.8333333
19693,San Sebastián,19,Cauca,1.9166667,-76.6666667
47692,San Sebastián de Buenavista,47,Magdalena,9.3333333,-74.3333333
5674,San Vicente,5,Antioquia,6.3333333,-75.3333333
18753,San Vicente del Caguán,18,Caquetá,2.1525,-74.7888889
68689,San Vicente del Chucurí,68,Santander,6.8836111,-73.4138889
47703,San Zenón,47,Magdalena,9.3333333,-74.3
52683,Sandoná,52,Nariño,1.25,-77.45
47707,Santa Ana,47,Magdalena,9.3166667,-74.5833333
5679,Santa Bárbara,5,Antioquia,5.8666667,-75.5833333
68705,Santa Bárbara,68,Santander,6.9927778,-72.9102778
52695,Santa Bárbara (Iscuandé),52,Nariño,2.3333333,-77.9166667
47720,Santa Bárbara de Pinto,47,Magdalena,10.6,-74.167
13673,Santa Catalina,13,Bolívar,10.5833333,-75.25
5042,Santa Fé de Antioquia,5,Antioquia,6.5597222,-75.8280556
27250,Santa Genoveva de Docorodó,27,Chocó,4.2586111,-77.3675
68720,Santa Helena del Opón,68,Santander,6.3375,-73.5919444
73686,Santa Isabel,73,Tolima,4.75,-75.1666667
8675,Santa Lucía,8,Atlántico,10.3286111,-74.9644444
47001,Santa Marta,47,Magdalena,11.2472222,-74.2016667
15690,Santa María,15,Boyacá,4.8616667,-73.2641667
41676,Santa María,41,Huila,3,-75.7
13683,Santa Rosa,13,Bolívar,10.45,-75.3333333
19701,Santa Rosa,19,Cauca,1.5,-76.5
66682,Santa Rosa de Cabal,66,Risaralda,4.8680556,-75.6213889
5686,Santa Rosa de Osos,5,Antioquia,6.6666667,-75.4166667
15693,Santa Rosa de Viterbo,15,Boyacá,5.9166667,-73
13688,Santa Rosa del Sur,13,Bolívar,7.9644444,-74.0544444
99624,Santa Rosalía,99,Vichada,5.1261111,-70.8758333
15696,Santa Sofía,15,Boyacá,5.75,-73.5833333
15686,Santana,15,Boyacá,6.0572222,-73.4822222
19698,Santander de Quilichao,19,Cauca,3.0130556,-76.4866667
54680,Santiago,54,Norte de Santander,7.9166667,-72.6666667
86760,Santiago,86,Putumayo,1.1511111,-77.0075
5690,Santo Domingo,5,Antioquia,6.4722222,-75.1647222
8685,Santo Tomás,8,Atlántico,10.75,-74.8333333
5697,Santuario,5,Antioquia,6.1333333,-75.25
66687,Santuario,66,Risaralda,5.0833333,-76
52720,Sapuyes,52,Nariño,1.0333333,-77.6
81736,Saravena,81,Arauca,6.9205556,-71.8533333
54720,Sardinata,54,Norte de Santander,8.25,-72.75
25718,Sasaima,25,Cundinamarca,5,-74.45
15720,Sativanorte,15,Boyacá,6.1666667,-72.6666667
15723,Sativasur,15,Boyacá,6.1333333,-72.6666667
5736,Segovia,5,Antioquia,7.25,-74.75
25736,Sesquilé,25,Cundinamarca,5.0833333,-73.8333333
76736,Sevilla,76,Valle del Cauca,4.2688889,-75.9361111
15740,Siachoque,15,Boyacá,5.5833333,-73.1666667
25740,Sibaté,25,Cundinamarca,4.4913889,-74.2605556
86749,Sibundoy,86,Putumayo,1.1833333,-76.9166667
54743,Silos,54,Norte de Santander,7.2,-72.75
25743,Silvania,25,Cundinamarca,4.5,-74.3333333
19743,Silvia,19,Cauca,2.75,-76.3333333
68745,Simacota,68,Santander,6.4472222,-73.3413889
25745,Simijaca,25,Cundinamarca,5.5833333,-73.8333333
13744,Simití,13,Bolívar,7.5833333,-74.1666667
70001,Sincelejo,70,Sucre,9.3047222,-75.3977778
70742,Sincé,70,Sucre,9.1666667,-75
27745,Sipí,27,Chocó,4.5833333,-76.5
47745,Sitionuevo,47,Magdalena,10.9166667,-74.5833333
25754,Soacha,25,Cundinamarca,4.5872222,-74.2213889
15753,Soatá,15,Boyacá,6.4166667,-72.6666667
15757,Socha,15,Boyacá,6,-72.6666667
68755,Socorro,68,Santander,6.5333333,-73.2
15755,Socotá,15,Boyacá,6.0833333,-72.5833333
15759,Sogamoso,15,Boyacá,5.7205556,-72.9297222
18765,Solano,18,Caquetá,0.7147222,-75.2486111
8758,Soledad,8,Atlántico,10.9172222,-74.7666667
18785,Solita,18,Caquetá,0.9,-75.623
15761,Somondoco,15,Boyacá,4.9877778,-73.4361111
5756,Sonsón,5,Antioquia,5.75,-75
5761,Sopetrán,5,Antioquia,6.5,-75.75
13760,Soplaviento,13,Bolívar,10.3333333,-75.1
25758,Sopó,25,Cundinamarca,4.9166667,-73.95
15762,Sora,15,Boyacá,5.5666667,-73.4333333
15764,Soracá,15,Boyacá,5.5,-73.3166667
15763,Sotaquirá,15,Boyacá,5.8333333,-73.25
19760,Sotara (Paispamba),19,Cauca,2.2566667,-76.6186111
52418,Sotomayor (Los Andes),52,Nariño,1.5155556,-77.495
68770,Suaita,68,Santander,6.1666667,-73.3
8770,Suan,8,Atlántico,10.3333333,-74.9166667
41770,Suaza,41,Huila,1.9166667,-75.8333333
25769,Subachoque,25,Cundinamarca,5,-74.1666667
19785,Sucre,19,Cauca,2.0333333,-76.9166667
68773,Sucre,68,Santander,6.0833333,-73.9166667
70771,Sucre,70,Sucre,9,-75
25772,Suesca,25,Cundinamarca,5.1666667,-73.8333333
25777,Supatá,25,Cundinamarca,5.0833333,-74.25
17777,Supía,17,Caldas,5.5,-75.6333333
68780,Suratá,68,Santander,7.5,-72.9666667
25779,Susa,25,Cundinamarca,5.5,-73.8333333
15774,Susacón,15,Boyacá,6.2666667,-72.6666667
15776,Sutamarchán,15,Boyacá,5.6666667,-73.5833333
25781,Sutatausa,25,Cundinamarca,5.251,-73.856
15778,Sutatenza,15,Boyacá,5.0166667,-73.45
19780,Suárez,19,Cauca,2.9588889,-76.6952778
73770,Suárez,73,Tolima,4.0833333,-74.7833333
85315,Sácama,85,Casanare,6.0833333,-72.0833333
15638,Sáchica,15,Boyacá,5.6666667,-73.5
25785,Tabio,25,Cundinamarca,5,-74.0833333
27787,Tadó,27,Chocó,5.3333333,-76.4166667
13780,Talaigua Nuevo,13,Bolívar,9.3069444,-74.5686111
20787,Tamalameque,20,Cesar,8.8333333,-73.5833333
81794,Tame,81,Arauca,6.4641667,-71.7288889
52786,Taminango,52,Nariño,1.5833333,-77.25
52788,Tangua,52,Nariño,1.0833333,-77.3
97666,Taraira,97,Vaupés,0.4938889,-69.6669444
5790,Tarazá,5,Antioquia,7.5833333,-75.35
41791,Tarqui,41,Huila,2.1666667,-75.9166667
5792,Tarso,5,Antioquia,5.8333333,-75.8333333
15790,Tasco,15,Boyacá,5.9166667,-72.7
85410,Tauramena,85,Casanare,5.0186111,-72.7552778
25793,Tausa,25,Cundinamarca,5.25,-73.9166667
41799,Tello,41,Huila,3.0833333,-75.0833333
25797,Tena,25,Cundinamarca,4.7,-74.4166667
47798,Tenerife,47,Magdalena,10,-74.6666667
25799,Tenjo,25,Cundinamarca,4.9166667,-74.1666667
15798,Tenza,15,Boyacá,5.15,-73.45
54800,Teorama,54,Norte de Santander,8.75,-73.1666667
41801,Teruel,41,Huila,2.9166667,-75.6666667
41797,Tesalia,41,Huila,2.6666667,-75.75
25805,Tibacuy,25,Cundinamarca,4.3833333,-74.5
15804,Tibaná,15,Boyacá,5.3333333,-73.3833333
15806,Tibasosa,15,Boyacá,5.8333333,-72.9666667
25807,Tibirita,25,Cundinamarca,5.1333333,-73.5333333
54810,Tibú,54,Norte de Santander,8.6480556,-72.7394444
23807,Tierralta,23,Córdoba,8.1736111,-76.0591667
41807,Timaná,41,Huila,2,-75.9166667
19809,Timbiquí,19,Cauca,2.75,-77.5833333
19807,Timbío,19,Cauca,2.4166667,-76.75
15808,Tinjacá,15,Boyacá,5.6333333,-73.65
15810,Tipacoque,15,Boyacá,6.4233333,-72.6952778
13810,Tiquisio (Puerto Rico),13,Bolívar,8.5597222,-74.2669444
5809,Titiribí,5,Antioquia,6.0833333,-75.8
15814,Toca,15,Boyacá,5.6666667,-73.1666667
25815,Tocaima,25,Cundinamarca,4.5,-74.6666667
25817,Tocancipá,25,Cundinamarca,5,-73.9166667
15816,Toguí,15,Boyacá,5.95,-73.4166667
5819,Toledo,5,Antioquia,7,-75.7
54820,Toledo,54,Norte de Santander,7.3,-72.25
70820,Tolú,70,Sucre,9.5,-75.5333333
70823,Tolú Viejo,70,Sucre,NA,NA
68820,Tona,68,Santander,7.25,-72.9
15820,Topagá,15,Boyacá,5.8333333,-72.8333333
25823,Topaipí,25,Cundinamarca,5.4166667,-74.3333333
19821,Toribío,19,Cauca,3,-76.1666667
76823,Toro,76,Valle del Cauca,4.6116667,-76.0813889
15822,Tota,15,Boyacá,5.5,-73
19824,Totoró,19,Cauca,2.5833333,-76.3333333
85430,Trinidad,85,Casanare,5.4305556,-71.6311111
76828,Trujillo,76,Valle del Cauca,4.25,-76.3333333
8832,Tubará,8,Atlántico,10.9166667,-74.95
23815,Tuchín,23,Córdoba,9.1833333,-75.55
76834,Tulúa,76,Valle del Cauca,4.0866667,-76.2
52835,Tumaco,52,Nariño,1.7986111,-78.8155556
15001,Tunja,15,Boyacá,5.5352778,-73.3677778
15832,Tunungua,15,Boyacá,5.7333333,-73.9333333
13836,Turbaco,13,Bolívar,10.35,-75.3333333
13838,Turbaná,13,Bolívar,10.25,-75.4166667
5837,Turbo,5,Antioquia,8,-76.5833333
15835,Turmequé,15,Boyacá,5.3333333,-73.5
15837,Tuta,15,Boyacá,5.75,-73.1666667
15839,Tutasá,15,Boyacá,6.1666667,-72.8333333
85400,Támara,85,Casanare,5.8297222,-72.1633333
5789,Támesis,5,Antioquia,5.6666667,-75.6666667
52838,Túquerres,52,Nariño,1.1666667,-77.5833333
25839,Ubalá,25,Cundinamarca,4.8333333,-73.5
25841,Ubaque,25,Cundinamarca,4.5833333,-74
25843,Ubaté,25,Cundinamarca,5.35,-73.8333333
76845,Ulloa,76,Valle del Cauca,4.7166667,-75.75
25845,Une,25,Cundinamarca,4.3333333,-74.0833333
27800,Unguía,27,Chocó,8.0430556,-77.0961111
27810,Unión Panamericana (ÁNIMAS),27,Chocó,5.283,-76.617
5842,Uramita,5,Antioquia,6.8994444,-76.1741667
50370,Uribe,50,Meta,3.254,-74.358
44847,Uribia,44,La Guajira,11.9166667,-72
5847,Urrao,5,Antioquia,6.3333333,-76.4166667
44855,Urumita,44,La Guajira,10.5666667,-73.0166667
8849,Usiacuri,8,Atlántico,10.75,-74.9666667
5854,Valdivia,5,Antioquia,7.3333333,-75.3333333
23855,Valencia,23,Córdoba,8.3,-76.1666667
68855,Valle de San José,68,Santander,6.5,-73.0666667
73854,Valle de San Juan,73,Tolima,4.25,-75.1666667
86865,Valle del Guamuez,86,Putumayo,0.4525,-76.9191667
20001,Valledupar,20,Cesar,10.4769444,-73.2505556
5856,Valparaiso,5,Antioquia,5.6666667,-75.5833333
18860,Valparaiso,18,Caquetá,1.1991667,-75.7097222
5858,Vegachí,5,Antioquia,6.7730556,-74.8016667
73861,Venadillo,73,Tolima,4.75,-74.9166667
5861,Venecia,5,Antioquia,5.9166667,-75.75
25506,Venecia (Ospina Pérez),25,Cundinamarca,4.1333333,-74.5
15861,Ventaquemada,15,Boyacá,5.4166667,-73.5
25862,Vergara,25,Cundinamarca,5.1666667,-74.3333333
76863,Versalles,76,Valle del Cauca,4.6666667,-76.25
68867,Vetas,68,Santander,7.3333333,-72.8666667
25867,Viani,25,Cundinamarca,4.9166667,-74.55
5873,Vigía del Fuerte,5,Antioquia,6.5919444,-76.8986111
76869,Vijes,76,Valle del Cauca,3.6986111,-76.4491667
54871,Villa Caro,54,Norte de Santander,7.9169444,-72.9763889
19845,Villa Rica,19,Cauca,2.5136111,-76.8477778
15407,Villa de Leiva,15,Boyacá,5.6333333,-73.5333333
54874,Villa del Rosario,54,Norte de Santander,7.8338889,-72.4741667
86885,Villagarzón,86,Putumayo,1.038,-76.627
25871,Villagómez,25,Cundinamarca,5.2761111,-74.1988889
73870,Villahermosa,73,Tolima,5,-75.1666667
17873,Villamaría,17,Caldas,5,-75.5
13873,Villanueva,13,Bolívar,10.45,-75.25
44874,Villanueva,44,La Guajira,10.5833333,-73
68872,Villanueva,68,Santander,6.6741667,-73.1777778
85440,Villanueva,85,Casanare,5.2833333,-71.9666667
25873,Villapinzón,25,Cundinamarca,5.2833333,-73.5833333
73873,Villarrica,73,Tolima,4,-74.5833333
50001,Villavicencio,50,Meta,4.1533333,-73.635
41872,Villavieja,41,Huila,3.3333333,-75.1666667
25875,Villeta,25,Cundinamarca,5.0833333,-74.5
25878,Viotá,25,Cundinamarca,4.5,-74.5
15879,Viracachá,15,Boyacá,5.5,-73.25
50711,Vista Hermosa,50,Meta,3.0863889,-73.7513889
17877,Viterbo,17,Caldas,5.0833333,-75.8666667
68861,Vélez,68,Santander,6.0833333,-73.5833333
25885,Yacopí,25,Cundinamarca,5.6666667,-74.4166667
52885,Yacuanquer,52,Nariño,1.0833333,-77.4166667
41885,Yaguará,41,Huila,2.6666667,-75.5833333
5885,Yalí,5,Antioquia,6.8333333,-74.75
5887,Yarumal,5,Antioquia,7,-75.5
5890,Yolombó,5,Antioquia,6.6666667,-75
5893,Yondó (Casabe),5,Antioquia,7.0077778,-73.9141667
85001,Yopal,85,Casanare,5.3394444,-72.3941667
76890,Yotoco,76,Valle del Cauca,3.9166667,-76.3333333
76892,Yumbo,76,Valle del Cauca,3.585,-76.4958333
13894,Zambrano,13,Bolívar,9.75,-74.8333333
68895,Zapatoca,68,Santander,6.8333333,-73.25
47960,Zapayán (PUNTA DE PIEDRAS),47,Magdalena,10.171,-74.719
5895,Zaragoza,5,Antioquia,7.75,-74.75
76895,Zarzal,76,Valle del Cauca,4.3983333,-76.0772222
15897,Zetaquirá,15,Boyacá,5.35,-73.1666667
25888,Zipacón,25,Cundinamarca,4.8333333,-74.4166667
25899,Zipaquirá,25,Cundinamarca,5.0283333,-74.0058333
47980,Zona Bananera (PRADO - SEVILLA),47,Magdalena,NA,NA
54003,Ábrego,54,Norte de Santander,8,-73.2
41357,Íquira,41,Huila,2.75,-75.75
15842,Úmbita,15,Boyacá,5.2333333,-73.45
25851,Útica,25,Cundinamarca,5.25,-74.5
